"year","state","party","ecv","pct","votes"
1972,"ALABAMA","dem",0,25.3,256923
1972,"ALABAMA","rep",9,71.8,728701
1972,"ALASKA","dem",0,34.6,32967
1972,"ALASKA","rep",3,58.1,55349
1972,"ARIZONA","dem",0,30.4,198540
1972,"ARIZONA","rep",6,61.6,402812
1972,"ARKANSAS","dem",0,30.7,199892
1972,"ARKANSAS","rep",6,68.9,448541
1972,"CALIFORNIA","dem",0,41.5,3475847
1972,"CALIFORNIA","rep",45,55,4602096
1972,"COLORADO","dem",0,34.6,329980
1972,"COLORADO","rep",7,62.6,597189
1972,"CONNECTICUT","dem",0,40.1,555498
1972,"CONNECTICUT","rep",8,58.6,810763
1972,"DELAWARE","dem",0,39.2,92283
1972,"DELAWARE","rep",3,59.6,140357
1972,"DISTRICT OF COLUMBIA","dem",3,78.1,127627
1972,"DISTRICT OF COLUMBIA","rep",0,21.6,35226
1972,"FLORIDA","dem",0,27.8,718117
1972,"FLORIDA","rep",17,71.9,1857759
1972,"GEORGIA","dem",0,24.7,289529
1972,"GEORGIA","rep",12,75.3,881490
1972,"HAWAII","dem",0,37.5,101433
1972,"HAWAII","rep",4,62.5,168933
1972,"IDAHO","dem",0,26,80826
1972,"IDAHO","rep",4,64.2,199384
1972,"ILLINOIS","dem",0,40.5,1913472
1972,"ILLINOIS","rep",26,59,2788179
1972,"INDIANA","dem",0,33.3,708568
1972,"INDIANA","rep",13,66.1,1405154
1972,"IOWA","dem",0,40.5,496206
1972,"IOWA","rep",8,57.6,706207
1972,"KANSAS","dem",0,29.5,270287
1972,"KANSAS","rep",7,67.7,619812
1972,"KENTUCKY","dem",0,34.8,371159
1972,"KENTUCKY","rep",9,63.4,676446
1972,"LOUISIANA","dem",0,28.6,298142
1972,"LOUISIANA","rep",10,66,686852
1972,"MAINE","dem",0,38.5,160584
1972,"MAINE","rep",4,61.5,256458
1972,"MARYLAND","dem",0,37.4,505781
1972,"MARYLAND","rep",10,61.3,829305
1972,"MASSACHUSETTS","dem",14,54.2,1332540
1972,"MASSACHUSETTS","rep",0,45.2,1112078
1972,"MICHIGAN","dem",0,41.8,1459435
1972,"MICHIGAN","rep",21,56.2,1961721
1972,"MINNESOTA","dem",0,46.1,802346
1972,"MINNESOTA","rep",10,51.6,898269
1972,"MISSISSIPPI","dem",0,19.6,126782
1972,"MISSISSIPPI","rep",7,78.2,505125
1972,"MISSOURI","dem",0,37.7,698531
1972,"MISSOURI","rep",12,62.3,1154058
1972,"MONTANA","dem",0,37.9,120197
1972,"MONTANA","rep",4,57.9,183976
1972,"NEBRASKA","dem",0,29.5,169991
1972,"NEBRASKA","rep",5,70.5,406298
1972,"NEVADA","dem",0,36.3,66016
1972,"NEVADA","rep",3,63.7,115750
1972,"NEW HAMPSHIRE","dem",0,34.9,116435
1972,"NEW HAMPSHIRE","rep",4,64,213724
1972,"NEW JERSEY","dem",0,36.8,1102211
1972,"NEW JERSEY","rep",17,61.6,1845502
1972,"NEW MEXICO","dem",0,36.6,141084
1972,"NEW MEXICO","rep",4,61.1,235606
1972,"NEW YORK","dem",0,40.3,2951084
1972,"NEW YORK","rep",41,57.3,4192778
1972,"NORTH CAROLINA","dem",0,28.9,438705
1972,"NORTH CAROLINA","rep",13,69.5,1054889
1972,"NORTH DAKOTA","dem",0,35.8,100384
1972,"NORTH DAKOTA","rep",3,62.1,174109
1972,"OHIO","dem",0,38.1,1558889
1972,"OHIO","rep",25,59.6,2441827
1972,"OKLAHOMA","dem",0,24,247147
1972,"OKLAHOMA","rep",8,73.7,759025
1972,"OREGON","dem",0,42.3,392760
1972,"OREGON","rep",6,52.5,486686
1972,"PENNSYLVANIA","dem",0,39.1,1796951
1972,"PENNSYLVANIA","rep",27,59.1,2714521
1972,"RHODE ISLAND","dem",0,46.8,194645
1972,"RHODE ISLAND","rep",4,53,220383
1972,"SOUTH CAROLINA","dem",0,27.7,186824
1972,"SOUTH CAROLINA","rep",8,70.8,477044
1972,"SOUTH DAKOTA","dem",0,45.5,139945
1972,"SOUTH DAKOTA","rep",4,54.2,166476
1972,"TENNESSEE","dem",0,29.8,357293
1972,"TENNESSEE","rep",10,67.7,813147
1972,"TEXAS","dem",0,33.3,1154289
1972,"TEXAS","rep",26,66.2,2298896
1972,"UTAH","dem",0,26.4,126284
1972,"UTAH","rep",4,67.6,323643
1972,"VERMONT","dem",0,36.6,68174
1972,"VERMONT","rep",3,62.9,117149
1972,"VIRGINIA","dem",0,30.1,438887
1972,"VIRGINIA","rep",11,67.8,988493
1972,"WASHINGTON","dem",0,38.6,568334
1972,"WASHINGTON","rep",9,56.9,837135
1972,"WEST VIRGINIA","dem",0,36.4,277435
1972,"WEST VIRGINIA","rep",6,63.6,484964
1972,"WISCONSIN","dem",0,43.7,810174
1972,"WISCONSIN","rep",11,53.4,989430
1972,"WYOMING","dem",0,30.5,44358
1972,"WYOMING","rep",3,69,100464
1976,"ALABAMA","dem",9,55.7,659170
1976,"ALABAMA","rep",0,42.6,504070
1976,"ALASKA","dem",0,35.7,44058
1976,"ALASKA","rep",3,57.9,71555
1976,"ARIZONA","dem",0,39.8,295602
1976,"ARIZONA","rep",6,56.4,418642
1976,"ARKANSAS","dem",6,65,498604
1976,"ARKANSAS","rep",0,34.9,267903
1976,"CALIFORNIA","dem",0,47.6,3742284
1976,"CALIFORNIA","rep",45,49.3,3882244
1976,"COLORADO","dem",0,42.6,460353
1976,"COLORADO","rep",7,54,584367
1976,"CONNECTICUT","dem",0,46.9,647895
1976,"CONNECTICUT","rep",8,52.1,719261
1976,"DELAWARE","dem",3,52,122596
1976,"DELAWARE","rep",0,46.6,109831
1976,"DISTRICT OF COLUMBIA","dem",3,81.6,137818
1976,"DISTRICT OF COLUMBIA","rep",0,16.5,27873
1976,"FLORIDA","dem",17,51.9,1636000
1976,"FLORIDA","rep",0,46.6,1469531
1976,"GEORGIA","dem",12,66.7,979409
1976,"GEORGIA","rep",0,33,483743
1976,"HAWAII","dem",4,50.6,147375
1976,"HAWAII","rep",0,48.1,140003
1976,"IDAHO","dem",0,36.8,126549
1976,"IDAHO","rep",4,59.3,204151
1976,"ILLINOIS","dem",0,48.1,2271295
1976,"ILLINOIS","rep",26,50.1,2364269
1976,"INDIANA","dem",0,45.7,1014714
1976,"INDIANA","rep",13,53.3,1183958
1976,"IOWA","dem",0,48.5,619931
1976,"IOWA","rep",8,49.5,632863
1976,"KANSAS","dem",0,44.9,430421
1976,"KANSAS","rep",7,52.5,502752
1976,"KENTUCKY","dem",9,52.8,615717
1976,"KENTUCKY","rep",0,45.6,531852
1976,"LOUISIANA","dem",10,51.7,661365
1976,"LOUISIANA","rep",0,46,587446
1976,"MAINE","dem",0,48.1,232279
1976,"MAINE","rep",4,48.9,236320
1976,"MARYLAND","dem",10,52.8,759612
1976,"MARYLAND","rep",0,46.7,672661
1976,"MASSACHUSETTS","dem",14,56.1,1429475
1976,"MASSACHUSETTS","rep",0,40.4,1030276
1976,"MICHIGAN","dem",0,46.4,1696714
1976,"MICHIGAN","rep",21,51.8,1893742
1976,"MINNESOTA","dem",10,54.9,1070440
1976,"MINNESOTA","rep",0,42,819395
1976,"MISSISSIPPI","dem",7,49.6,381309
1976,"MISSISSIPPI","rep",0,47.7,366846
1976,"MISSOURI","dem",12,51.1,998387
1976,"MISSOURI","rep",0,47.5,927443
1976,"MONTANA","dem",0,45.4,149259
1976,"MONTANA","rep",4,52.8,173703
1976,"NEBRASKA","dem",0,38.5,233692
1976,"NEBRASKA","rep",5,59.2,359705
1976,"NEVADA","dem",0,45.8,92479
1976,"NEVADA","rep",3,50.2,101273
1976,"NEW HAMPSHIRE","dem",0,43.5,147635
1976,"NEW HAMPSHIRE","rep",4,54.7,185935
1976,"NEW JERSEY","dem",0,47.9,1444653
1976,"NEW JERSEY","rep",17,50.1,1509688
1976,"NEW MEXICO","dem",0,48.1,201148
1976,"NEW MEXICO","rep",4,50.5,211419
1976,"NEW YORK","dem",41,51.9,3389558
1976,"NEW YORK","rep",0,47.5,3100791
1976,"NORTH CAROLINA","dem",13,55.2,927365
1976,"NORTH CAROLINA","rep",0,44.2,741960
1976,"NORTH DAKOTA","dem",0,45.8,137078
1976,"NORTH DAKOTA","rep",3,51.6,153470
1976,"OHIO","dem",25,48.9,2011621
1976,"OHIO","rep",0,48.7,2000505
1976,"OKLAHOMA","dem",0,48.7,532442
1976,"OKLAHOMA","rep",8,50,545708
1976,"OREGON","dem",0,47.6,490407
1976,"OREGON","rep",6,47.8,492120
1976,"PENNSYLVANIA","dem",27,50.4,2328677
1976,"PENNSYLVANIA","rep",0,47.7,2205604
1976,"RHODE ISLAND","dem",4,55.4,227636
1976,"RHODE ISLAND","rep",0,44.1,181249
1976,"SOUTH CAROLINA","dem",8,56.2,450807
1976,"SOUTH CAROLINA","rep",0,43.1,346149
1976,"SOUTH DAKOTA","dem",0,48.9,147068
1976,"SOUTH DAKOTA","rep",4,50.4,151505
1976,"TENNESSEE","dem",10,55.9,825879
1976,"TENNESSEE","rep",0,42.9,633969
1976,"TEXAS","dem",26,51.1,2082319
1976,"TEXAS","rep",0,48,1953300
1976,"UTAH","dem",0,33.6,182110
1976,"UTAH","rep",4,62.4,337908
1976,"VERMONT","dem",0,43.1,80954
1976,"VERMONT","rep",3,54.4,102085
1976,"VIRGINIA","dem",0,48,813896
1976,"VIRGINIA","rep",11,49.3,836554
1976,"WASHINGTON","dem",0,46.1,717323
1976,"WASHINGTON","rep",8,50,777732
1976,"WEST VIRGINIA","dem",6,58,435914
1976,"WEST VIRGINIA","rep",0,41.9,314760
1976,"WISCONSIN","dem",11,49.4,1040232
1976,"WISCONSIN","rep",0,47.8,1004987
1976,"WYOMING","dem",0,39.8,62239
1976,"WYOMING","rep",3,59.3,92717
1980,"ALABAMA","dem",0,1.2,16481
1980,"ALABAMA","other",9,48.8,654192
1980,"ALABAMA","rep",0,47.5,636730
1980,"ALASKA","dem",0,7,11155
1980,"ALASKA","other",3,54.3,86112
1980,"ALASKA","rep",0,26.4,41842
1980,"ARIZONA","dem",0,8.8,76952
1980,"ARIZONA","other",6,60.6,529688
1980,"ARIZONA","rep",0,28.2,246843
1980,"ARKANSAS","dem",0,2.7,22468
1980,"ARKANSAS","other",6,48.1,403164
1980,"ARKANSAS","rep",0,47.5,398041
1980,"CALIFORNIA","dem",0,8.6,739833
1980,"CALIFORNIA","other",45,52.7,4524858
1980,"CALIFORNIA","rep",0,35.9,3083661
1980,"COLORADO","dem",0,11,130633
1980,"COLORADO","other",7,55.1,652264
1980,"COLORADO","rep",0,31.1,367973
1980,"CONNECTICUT","dem",0,12.2,171807
1980,"CONNECTICUT","other",8,48.2,677210
1980,"CONNECTICUT","rep",0,38.5,541732
1980,"DELAWARE","dem",0,6.9,16288
1980,"DELAWARE","other",3,47.2,111252
1980,"DELAWARE","rep",0,44.8,105754
1980,"DISTRICT OF COLUMBIA","dem",0,9.3,16337
1980,"DISTRICT OF COLUMBIA","other",0,13.4,23545
1980,"DISTRICT OF COLUMBIA","rep",3,74.8,131113
1980,"FLORIDA","dem",0,5.1,189692
1980,"FLORIDA","other",17,55.5,2046951
1980,"FLORIDA","rep",0,38.5,1419475
1980,"GEORGIA","dem",0,2.3,36055
1980,"GEORGIA","other",0,41,654168
1980,"GEORGIA","rep",12,55.8,890733
1980,"HAWAII","dem",0,10.6,32021
1980,"HAWAII","other",0,42.9,130112
1980,"HAWAII","rep",4,44.8,135879
1980,"IDAHO","dem",0,6.2,27058
1980,"IDAHO","other",4,66.5,290699
1980,"IDAHO","rep",0,25.2,110192
1980,"ILLINOIS","dem",0,7.3,346754
1980,"ILLINOIS","other",26,49.6,2358049
1980,"ILLINOIS","rep",0,41.7,1981413
1980,"INDIANA","dem",0,5,111639
1980,"INDIANA","other",13,56,1255656
1980,"INDIANA","rep",0,37.7,844197
1980,"IOWA","dem",0,8.8,115639
1980,"IOWA","other",8,51.3,676026
1980,"IOWA","rep",0,38.6,508672
1980,"KANSAS","dem",0,7,68231
1980,"KANSAS","other",7,57.9,566812
1980,"KANSAS","rep",0,33.3,326150
1980,"KENTUCKY","dem",0,2.4,31127
1980,"KENTUCKY","other",9,49.1,635274
1980,"KENTUCKY","rep",0,47.6,616417
1980,"LOUISIANA","dem",0,1.7,26345
1980,"LOUISIANA","other",10,51.2,792853
1980,"LOUISIANA","rep",0,45.7,708453
1980,"MAINE","dem",0,10.2,53327
1980,"MAINE","other",4,45.6,238522
1980,"MAINE","rep",0,42.3,220974
1980,"MARYLAND","dem",0,7.8,119537
1980,"MARYLAND","other",0,44.2,680606
1980,"MARYLAND","rep",10,47.1,726161
1980,"MASSACHUSETTS","dem",0,15.2,382539
1980,"MASSACHUSETTS","other",14,41.9,1057631
1980,"MASSACHUSETTS","rep",0,41.7,1053802
1980,"MICHIGAN","dem",0,7,275223
1980,"MICHIGAN","other",21,49,1915225
1980,"MICHIGAN","rep",0,42.5,1661532
1980,"MINNESOTA","dem",0,8.5,174990
1980,"MINNESOTA","other",0,42.6,873268
1980,"MINNESOTA","rep",10,46.5,954174
1980,"MISSISSIPPI","dem",0,1.3,12036
1980,"MISSISSIPPI","other",7,49.4,441089
1980,"MISSISSIPPI","rep",0,48.1,429281
1980,"MISSOURI","dem",0,3.7,77920
1980,"MISSOURI","other",12,51.2,1074181
1980,"MISSOURI","rep",0,44.3,931182
1980,"MONTANA","dem",0,8,29281
1980,"MONTANA","other",4,56.8,206814
1980,"MONTANA","rep",0,32.4,118032
1980,"NEBRASKA","dem",0,7,44993
1980,"NEBRASKA","other",5,65.9,419937
1980,"NEBRASKA","rep",0,26,166851
1980,"NEVADA","dem",0,7.1,17651
1980,"NEVADA","other",3,62.5,155017
1980,"NEVADA","rep",0,26.9,66666
1980,"NEW HAMPSHIRE","dem",0,12.9,49693
1980,"NEW HAMPSHIRE","other",4,57.7,221705
1980,"NEW HAMPSHIRE","rep",0,28.4,108864
1980,"NEW JERSEY","dem",0,7.9,234632
1980,"NEW JERSEY","other",17,52,1546557
1980,"NEW JERSEY","rep",0,38.6,1147364
1980,"NEW MEXICO","dem",0,6.5,29459
1980,"NEW MEXICO","other",4,54.9,250779
1980,"NEW MEXICO","rep",0,36.7,167826
1980,"NEW YORK","dem",0,7.5,467801
1980,"NEW YORK","other",41,46.7,2893831
1980,"NEW YORK","rep",0,44,2728372
1980,"NORTH CAROLINA","dem",0,2.8,52800
1980,"NORTH CAROLINA","other",13,49.3,915018
1980,"NORTH CAROLINA","rep",0,47.2,875635
1980,"NORTH DAKOTA","dem",0,7.8,23640
1980,"NORTH DAKOTA","other",3,64.2,193695
1980,"NORTH DAKOTA","rep",0,26.3,79189
1980,"OHIO","dem",0,5.9,254472
1980,"OHIO","other",25,51.5,2206545
1980,"OHIO","rep",0,40.9,1752414
1980,"OKLAHOMA","dem",0,3.3,38284
1980,"OKLAHOMA","other",8,60.5,695570
1980,"OKLAHOMA","rep",0,35,402026
1980,"OREGON","dem",0,9.5,112389
1980,"OREGON","other",6,48.3,571044
1980,"OREGON","rep",0,38.7,456890
1980,"PENNSYLVANIA","dem",0,6.4,292921
1980,"PENNSYLVANIA","other",27,49.6,2261872
1980,"PENNSYLVANIA","rep",0,42.5,1937540
1980,"RHODE ISLAND","dem",0,14.4,59819
1980,"RHODE ISLAND","other",0,37.2,154793
1980,"RHODE ISLAND","rep",4,47.7,198342
1980,"SOUTH CAROLINA","dem",0,1.6,14153
1980,"SOUTH CAROLINA","other",8,49.4,441841
1980,"SOUTH CAROLINA","rep",0,48.1,430385
1980,"SOUTH DAKOTA","dem",0,6.5,21431
1980,"SOUTH DAKOTA","other",4,60.5,198343
1980,"SOUTH DAKOTA","rep",0,31.7,103855
1980,"TENNESSEE","dem",0,2.2,35991
1980,"TENNESSEE","other",10,48.7,787761
1980,"TENNESSEE","rep",0,48.4,783051
1980,"TEXAS","dem",0,2.5,111613
1980,"TEXAS","other",26,55.3,2510705
1980,"TEXAS","rep",0,41.4,1881147
1980,"UTAH","dem",0,5,30284
1980,"UTAH","other",4,72.8,439687
1980,"UTAH","rep",0,20.6,124266
1980,"VERMONT","dem",0,14.9,31761
1980,"VERMONT","other",3,44.4,94628
1980,"VERMONT","rep",0,38.4,81952
1980,"VIRGINIA","dem",0,5.1,95418
1980,"VIRGINIA","other",11,53,989609
1980,"VIRGINIA","rep",0,40.3,752174
1980,"WASHINGTON","dem",0,10.6,185073
1980,"WASHINGTON","other",8,49.7,865244
1980,"WASHINGTON","rep",0,37.3,650193
1980,"WEST VIRGINIA","dem",0,4.3,31691
1980,"WEST VIRGINIA","other",0,45.3,334206
1980,"WEST VIRGINIA","rep",6,49.8,367462
1980,"WISCONSIN","dem",0,7.1,160657
1980,"WISCONSIN","other",11,47.9,1088845
1980,"WISCONSIN","rep",0,43.2,981584
1980,"WYOMING","dem",0,6.8,12072
1980,"WYOMING","other",3,62.6,110700
1980,"WYOMING","rep",0,28,49427
1984,"ALABAMA","dem",0,38.3,551899
1984,"ALABAMA","rep",9,60.5,872849
1984,"ALASKA","dem",0,29.9,62007
1984,"ALASKA","rep",3,66.6,138377
1984,"ARIZONA","dem",0,32.5,333854
1984,"ARIZONA","rep",7,66.4,681416
1984,"ARKANSAS","dem",0,38.3,338646
1984,"ARKANSAS","rep",6,60.5,534774
1984,"CALIFORNIA","dem",0,41.3,3922519
1984,"CALIFORNIA","rep",47,57.5,5467009
1984,"COLORADO","dem",0,35.1,454975
1984,"COLORADO","rep",8,63.4,821817
1984,"CONNECTICUT","dem",0,38.8,569597
1984,"CONNECTICUT","rep",8,60.7,890877
1984,"DELAWARE","dem",0,39.9,101656
1984,"DELAWARE","rep",3,59.8,152190
1984,"DISTRICT OF COLUMBIA","dem",3,85.4,180408
1984,"DISTRICT OF COLUMBIA","rep",0,13.7,29009
1984,"FLORIDA","dem",0,34.7,1448816
1984,"FLORIDA","rep",21,65.3,2730350
1984,"GEORGIA","dem",0,39.8,706628
1984,"GEORGIA","rep",12,60.2,1068722
1984,"HAWAII","dem",0,43.8,147154
1984,"HAWAII","rep",4,55.1,185050
1984,"IDAHO","dem",0,26.4,108510
1984,"IDAHO","rep",4,72.4,297523
1984,"ILLINOIS","dem",0,43.3,2086499
1984,"ILLINOIS","rep",24,56.2,2707103
1984,"INDIANA","dem",0,37.7,841481
1984,"INDIANA","rep",12,61.7,1377230
1984,"IOWA","dem",0,45.9,605620
1984,"IOWA","rep",8,53.3,703088
1984,"KANSAS","dem",0,32.6,333149
1984,"KANSAS","rep",7,66.3,677296
1984,"KENTUCKY","dem",0,39.4,539539
1984,"KENTUCKY","rep",9,60,821702
1984,"LOUISIANA","dem",0,38.2,651586
1984,"LOUISIANA","rep",10,60.8,1037299
1984,"MAINE","dem",0,38.8,214515
1984,"MAINE","rep",4,60.8,336500
1984,"MARYLAND","dem",0,47,787935
1984,"MARYLAND","rep",10,52.5,879918
1984,"MASSACHUSETTS","dem",0,48.4,1239616
1984,"MASSACHUSETTS","rep",13,51.2,1310936
1984,"MICHIGAN","dem",0,40.2,1529638
1984,"MICHIGAN","rep",20,59.2,2251571
1984,"MINNESOTA","dem",10,49.7,1036364
1984,"MINNESOTA","rep",0,49.5,1032603
1984,"MISSISSIPPI","dem",0,37.4,352192
1984,"MISSISSIPPI","rep",7,61.9,582377
1984,"MISSOURI","dem",0,40,848583
1984,"MISSOURI","rep",11,60,1274188
1984,"MONTANA","dem",0,38.2,146742
1984,"MONTANA","rep",4,60.5,232450
1984,"NEBRASKA","dem",0,28.8,187866
1984,"NEBRASKA","rep",5,70.6,460054
1984,"NEVADA","dem",0,32,91655
1984,"NEVADA","rep",4,65.8,188770
1984,"NEW HAMPSHIRE","dem",0,30.9,120347
1984,"NEW HAMPSHIRE","rep",4,68.6,267050
1984,"NEW JERSEY","dem",0,39.2,1261323
1984,"NEW JERSEY","rep",16,60.1,1933630
1984,"NEW MEXICO","dem",0,39.2,201769
1984,"NEW MEXICO","rep",5,59.7,307101
1984,"NEW YORK","dem",0,45.8,3119609
1984,"NEW YORK","rep",36,53.8,3664763
1984,"NORTH CAROLINA","dem",0,37.9,824287
1984,"NORTH CAROLINA","rep",13,61.9,1346481
1984,"NORTH DAKOTA","dem",0,33.8,104429
1984,"NORTH DAKOTA","rep",3,64.8,200336
1984,"OHIO","dem",0,40.1,1825440
1984,"OHIO","rep",23,58.9,2678560
1984,"OKLAHOMA","dem",0,30.7,385080
1984,"OKLAHOMA","rep",8,68.6,861530
1984,"OREGON","dem",0,43.7,536479
1984,"OREGON","rep",7,55.9,685700
1984,"PENNSYLVANIA","dem",0,46,2228131
1984,"PENNSYLVANIA","rep",25,53.3,2584323
1984,"RHODE ISLAND","dem",0,47.9,197106
1984,"RHODE ISLAND","rep",4,51.8,212080
1984,"SOUTH CAROLINA","dem",0,35.6,344459
1984,"SOUTH CAROLINA","rep",8,63.6,615539
1984,"SOUTH DAKOTA","dem",0,36.5,116113
1984,"SOUTH DAKOTA","rep",3,63,200267
1984,"TENNESSEE","dem",0,41.6,711714
1984,"TENNESSEE","rep",11,57.8,990212
1984,"TEXAS","dem",0,36.1,1949276
1984,"TEXAS","rep",29,63.6,3433428
1984,"UTAH","dem",0,24.7,155369
1984,"UTAH","rep",5,74.5,469105
1984,"VERMONT","dem",0,40.8,95730
1984,"VERMONT","rep",3,57.9,135865
1984,"VIRGINIA","dem",0,37.1,796250
1984,"VIRGINIA","rep",12,62.3,1337078
1984,"WASHINGTON","dem",0,42.9,807352
1984,"WASHINGTON","rep",10,56.2,1051670
1984,"WEST VIRGINIA","dem",0,44.3,328125
1984,"WEST VIRGINIA","rep",6,54.7,405483
1984,"WISCONSIN","dem",0,45.1,995740
1984,"WISCONSIN","rep",11,54.3,1198584
1984,"WYOMING","dem",0,27.7,53370
1984,"WYOMING","rep",3,69.1,133241
1988,"ALABAMA","dem",9,59.7,815576
1988,"ALABAMA","rep",0,40.3,549506
1988,"ALASKA","dem",3,59.6,119251
1988,"ALASKA","rep",0,36.3,72584
1988,"ARIZONA","dem",7,60.7,702541
1988,"ARIZONA","rep",0,39.3,454029
1988,"ARKANSAS","dem",6,57.2,466578
1988,"ARKANSAS","rep",0,42.8,349237
1988,"CALIFORNIA","dem",47,51.8,5054917
1988,"CALIFORNIA","rep",0,48.2,4702233
1988,"COLORADO","dem",8,53.9,728155
1988,"COLORADO","rep",0,46.1,621453
1988,"CONNECTICUT","dem",8,52.6,750241
1988,"CONNECTICUT","rep",0,47.4,676584
1988,"DELAWARE","dem",3,56.3,139689
1988,"DELAWARE","rep",0,43.7,108532
1988,"DISTRICT OF COLUMBIA","dem",0,14.7,27590
1988,"DISTRICT OF COLUMBIA","rep",3,85.3,159407
1988,"FLORIDA","dem",21,61.2,2618885
1988,"FLORIDA","rep",0,38.8,1656701
1988,"GEORGIA","dem",12,60.2,1081331
1988,"GEORGIA","rep",0,39.8,714792
1988,"HAWAII","dem",0,45.2,158625
1988,"HAWAII","rep",4,54.8,192364
1988,"IDAHO","dem",4,63.3,253881
1988,"IDAHO","rep",0,36.7,147272
1988,"ILLINOIS","dem",24,51,2310939
1988,"ILLINOIS","rep",0,49,2215940
1988,"INDIANA","dem",12,60.1,1297763
1988,"INDIANA","rep",0,39.9,860643
1988,"IOWA","dem",0,44.8,545355
1988,"IOWA","rep",8,55.1,670557
1988,"KANSAS","dem",7,56.5,549049
1988,"KANSAS","rep",0,43.5,422636
1988,"KENTUCKY","dem",9,55.8,734281
1988,"KENTUCKY","rep",0,44.2,580368
1988,"LOUISIANA","dem",10,55.2,883702
1988,"LOUISIANA","rep",0,44.8,717460
1988,"MAINE","dem",4,55.8,307131
1988,"MAINE","rep",0,44.2,243569
1988,"MARYLAND","dem",10,51.5,876167
1988,"MARYLAND","rep",0,48.5,826304
1988,"MASSACHUSETTS","dem",0,46,1194635
1988,"MASSACHUSETTS","rep",13,54,1401415
1988,"MICHIGAN","dem",20,54,1965485
1988,"MICHIGAN","rep",0,46,1675783
1988,"MINNESOTA","dem",0,46.4,962337
1988,"MINNESOTA","rep",10,53.6,1109471
1988,"MISSISSIPPI","dem",7,60.5,557921
1988,"MISSISSIPPI","rep",0,39.5,363921
1988,"MISSOURI","dem",11,52,1084953
1988,"MISSOURI","rep",0,48,1001619
1988,"MONTANA","dem",4,53,190412
1988,"MONTANA","rep",0,47,168956
1988,"NEBRASKA","dem",5,60.5,397956
1988,"NEBRASKA","rep",0,39.5,259235
1988,"NEVADA","dem",4,60.8,206040
1988,"NEVADA","rep",0,39.2,132738
1988,"NEW HAMPSHIRE","dem",4,63.2,281537
1988,"NEW HAMPSHIRE","rep",0,36.8,163696
1988,"NEW JERSEY","dem",16,56.9,1743192
1988,"NEW JERSEY","rep",0,43.1,1320352
1988,"NEW MEXICO","dem",5,52.5,270341
1988,"NEW MEXICO","rep",0,47.5,244497
1988,"NEW YORK","dem",0,47.9,3081871
1988,"NEW YORK","rep",36,52.1,3347882
1988,"NORTH CAROLINA","dem",13,58.1,1237258
1988,"NORTH CAROLINA","rep",0,41.9,890167
1988,"NORTH DAKOTA","dem",3,56.6,166559
1988,"NORTH DAKOTA","rep",0,43.4,127739
1988,"OHIO","dem",23,55.5,2416549
1988,"OHIO","rep",0,44.6,1939629
1988,"OKLAHOMA","dem",8,58.4,678367
1988,"OKLAHOMA","rep",0,41.6,483423
1988,"OREGON","dem",0,47.6,560126
1988,"OREGON","rep",7,52.4,616206
1988,"PENNSYLVANIA","dem",25,51.2,2300087
1988,"PENNSYLVANIA","rep",0,48.8,2194944
1988,"RHODE ISLAND","dem",0,44.1,177761
1988,"RHODE ISLAND","rep",4,55.9,225123
1988,"SOUTH CAROLINA","dem",8,62.1,606443
1988,"SOUTH CAROLINA","rep",0,37.9,370554
1988,"SOUTH DAKOTA","dem",3,53.2,165415
1988,"SOUTH DAKOTA","rep",0,47.8,145560
1988,"TENNESSEE","dem",11,58.2,947233
1988,"TENNESSEE","rep",0,41.8,679794
1988,"TEXAS","dem",29,56.3,3036829
1988,"TEXAS","rep",0,43.7,2352748
1988,"UTAH","dem",5,68.5,428442
1988,"UTAH","rep",0,31.5,207343
1988,"VERMONT","dem",3,51.8,124331
1988,"VERMONT","rep",0,48.2,115775
1988,"VIRGINIA","dem",12,60.3,1309162
1988,"VIRGINIA","rep",0,39.7,859799
1988,"WASHINGTON","dem",0,49.2,903835
1988,"WASHINGTON","rep",10,50.8,933516
1988,"WEST VIRGINIA","dem",0,47.6,310065
1988,"WEST VIRGINIA","rep",6,52.4,341016
1988,"WISCONSIN","dem",0,48.2,1047499
1988,"WISCONSIN","rep",11,51.8,1126794
1988,"WYOMING","dem",3,61.4,106867
1988,"WYOMING","rep",0,38.6,67113
1992,"ALABAMA","dem",9,47.9,804283
1992,"ALABAMA","other",0,10.9,183109
1992,"ALABAMA","rep",0,41.1,690080
1992,"ALASKA","dem",3,40.2,102000
1992,"ALASKA","other",0,28.9,73481
1992,"ALASKA","rep",0,30.8,78295
1992,"ARIZONA","dem",8,38.9,572086
1992,"ARIZONA","other",0,24.1,353741
1992,"ARIZONA","rep",0,37,543050
1992,"ARKANSAS","dem",0,35.8,337324
1992,"ARKANSAS","other",0,10.5,99132
1992,"ARKANSAS","rep",6,53.7,505823
1992,"CALIFORNIA","dem",0,32.9,3630566
1992,"CALIFORNIA","other",0,20.8,2296004
1992,"CALIFORNIA","rep",54,46.3,5121249
1992,"COLORADO","dem",0,36.1,562850
1992,"COLORADO","other",0,23.5,366010
1992,"COLORADO","rep",8,40.4,629681
1992,"CONNECTICUT","dem",0,35.9,578313
1992,"CONNECTICUT","other",0,21.7,348771
1992,"CONNECTICUT","rep",8,42.4,682318
1992,"DELAWARE","dem",0,35.6,102313
1992,"DELAWARE","other",0,20.6,59213
1992,"DELAWARE","rep",3,43.8,126054
1992,"DISTRICT OF COLUMBIA","dem",0,9.3,20698
1992,"DISTRICT OF COLUMBIA","other",0,4.3,9681
1992,"DISTRICT OF COLUMBIA","rep",3,86.4,192619
1992,"FLORIDA","dem",25,41,2171781
1992,"FLORIDA","other",0,19.9,1052481
1992,"FLORIDA","rep",0,39.1,2071651
1992,"GEORGIA","dem",0,43,995252
1992,"GEORGIA","other",0,13.4,309657
1992,"GEORGIA","rep",13,43.6,1008966
1992,"HAWAII","dem",0,37.1,136822
1992,"HAWAII","other",0,14.3,53005
1992,"HAWAII","rep",4,48.6,179310
1992,"IDAHO","dem",4,43.1,202645
1992,"IDAHO","other",0,27.7,130395
1992,"IDAHO","rep",0,29.1,137013
1992,"ILLINOIS","dem",0,34.5,1734096
1992,"ILLINOIS","other",0,16.7,840515
1992,"ILLINOIS","rep",22,48.8,2453350
1992,"INDIANA","dem",12,41.9,939375
1992,"INDIANA","other",0,20.3,455934
1992,"INDIANA","rep",0,37.8,848420
1992,"IOWA","dem",0,37.5,504891
1992,"IOWA","other",0,18.8,253468
1992,"IOWA","rep",7,43.6,586353
1992,"KANSAS","dem",6,39.1,449469
1992,"KANSAS","other",0,27,311316
1992,"KANSAS","rep",0,33.9,389704
1992,"KENTUCKY","dem",0,41.5,617178
1992,"KENTUCKY","other",0,13.7,203944
1992,"KENTUCKY","rep",8,44.7,665104
1992,"LOUISIANA","dem",0,41.6,733386
1992,"LOUISIANA","other",0,12,211478
1992,"LOUISIANA","rep",9,46.3,815971
1992,"MAINE","dem",0,30.5,206504
1992,"MAINE","other",0,30.6,206820
1992,"MAINE","rep",4,38.9,263420
1992,"MARYLAND","dem",0,35.8,707094
1992,"MARYLAND","other",0,14.2,281414
1992,"MARYLAND","rep",10,50,988571
1992,"MASSACHUSETTS","dem",0,29.2,805039
1992,"MASSACHUSETTS","other",0,22.9,630731
1992,"MASSACHUSETTS","rep",12,47.9,1318639
1992,"MICHIGAN","dem",0,36.6,1554940
1992,"MICHIGAN","other",0,19.4,824813
1992,"MICHIGAN","rep",18,44,1871182
1992,"MINNESOTA","dem",0,32.1,747841
1992,"MINNESOTA","other",0,24.1,562506
1992,"MINNESOTA","rep",10,43.8,1020997
1992,"MISSISSIPPI","dem",7,49.1,487793
1992,"MISSISSIPPI","other",0,10.6,105045
1992,"MISSISSIPPI","rep",0,40.3,400268
1992,"MISSOURI","dem",0,34,811159
1992,"MISSOURI","other",0,21.8,518741
1992,"MISSOURI","rep",11,44.2,1053873
1992,"MONTANA","dem",0,35.5,144207
1992,"MONTANA","other",0,26.4,107225
1992,"MONTANA","rep",3,38.1,154507
1992,"NEBRASKA","dem",5,46.8,343678
1992,"NEBRASKA","other",0,23.7,174104
1992,"NEBRASKA","rep",0,29.5,216864
1992,"NEVADA","dem",0,35.3,175828
1992,"NEVADA","other",0,26.6,132580
1992,"NEVADA","rep",4,38,189148
1992,"NEW HAMPSHIRE","dem",0,38,202484
1992,"NEW HAMPSHIRE","other",0,22.8,121337
1992,"NEW HAMPSHIRE","rep",4,39.2,209040
1992,"NEW JERSEY","dem",0,40.9,1356865
1992,"NEW JERSEY","other",0,15.7,521829
1992,"NEW JERSEY","rep",15,43.3,1436206
1992,"NEW MEXICO","dem",0,37.6,212824
1992,"NEW MEXICO","other",0,16.2,91895
1992,"NEW MEXICO","rep",5,46.2,261617
1992,"NEW YORK","dem",0,34.1,2346649
1992,"NEW YORK","other",0,15.8,1090721
1992,"NEW YORK","rep",33,50.1,3444450
1992,"NORTH CAROLINA","dem",14,43.5,1134661
1992,"NORTH CAROLINA","other",0,13.7,357864
1992,"NORTH CAROLINA","rep",0,42.7,1114042
1992,"NORTH DAKOTA","dem",3,44.4,136244
1992,"NORTH DAKOTA","other",0,23.2,71084
1992,"NORTH DAKOTA","rep",0,32.3,99168
1992,"OHIO","dem",0,38.5,1894942
1992,"OHIO","other",0,21.1,1036426
1992,"OHIO","rep",21,40.4,1984942
1992,"OKLAHOMA","dem",8,42.8,592929
1992,"OKLAHOMA","other",0,23.1,319878
1992,"OKLAHOMA","rep",0,34.1,473066
1992,"OREGON","dem",0,32.8,475757
1992,"OREGON","other",0,24.4,354091
1992,"OREGON","rep",7,42.8,621314
1992,"PENNSYLVANIA","dem",0,36.3,1791841
1992,"PENNSYLVANIA","other",0,18.3,902667
1992,"PENNSYLVANIA","rep",23,45.4,2239164
1992,"RHODE ISLAND","dem",0,29.2,131601
1992,"RHODE ISLAND","other",0,23.3,105045
1992,"RHODE ISLAND","rep",4,47.4,213299
1992,"SOUTH CAROLINA","dem",8,48.3,577508
1992,"SOUTH CAROLINA","other",0,11.6,138782
1992,"SOUTH CAROLINA","rep",0,40.1,479514
1992,"SOUTH DAKOTA","dem",3,40.8,136718
1992,"SOUTH DAKOTA","other",0,21.9,73295
1992,"SOUTH DAKOTA","rep",0,37.3,124888
1992,"TENNESSEE","dem",0,42.6,841300
1992,"TENNESSEE","other",0,10.1,199968
1992,"TENNESSEE","rep",11,47.3,933521
1992,"TEXAS","dem",32,40.7,2496071
1992,"TEXAS","other",0,22.1,1354781
1992,"TEXAS","rep",0,37.2,2281815
1992,"UTAH","dem",5,43.4,322632
1992,"UTAH","other",0,24.6,183429
1992,"UTAH","rep",0,27.3,203400
1992,"VERMONT","dem",0,30.6,88122
1992,"VERMONT","other",0,22.9,65991
1992,"VERMONT","rep",3,46.4,133592
1992,"VIRGINIA","dem",13,45.3,1150517
1992,"VIRGINIA","other",0,13.7,348639
1992,"VIRGINIA","rep",0,40.9,1038650
1992,"WASHINGTON","dem",0,32.3,731234
1992,"WASHINGTON","other",0,23.9,541780
1992,"WASHINGTON","rep",11,43.8,993037
1992,"WEST VIRGINIA","dem",0,35.5,241974
1992,"WEST VIRGINIA","other",0,16,108829
1992,"WEST VIRGINIA","rep",5,48.5,331001
1992,"WISCONSIN","dem",0,37,930855
1992,"WISCONSIN","other",0,21.6,544479
1992,"WISCONSIN","rep",11,41.4,1041066
1992,"WYOMING","dem",3,39.9,79347
1992,"WYOMING","other",0,25.8,51263
1992,"WYOMING","rep",0,34.3,68160
1996,"ALABAMA","dem",0,43.2,662165
1996,"ALABAMA","other",0,6,92149
1996,"ALABAMA","rep",9,50.1,769044
1996,"ALASKA","dem",0,33.3,80380
1996,"ALASKA","other",0,10.9,26333
1996,"ALASKA","rep",3,50.8,122380
1996,"ARIZONA","dem",8,46.5,653288
1996,"ARIZONA","other",0,8,112072
1996,"ARIZONA","rep",0,44.3,622073
1996,"ARKANSAS","dem",6,53.7,475171
1996,"ARKANSAS","other",0,7.9,69884
1996,"ARKANSAS","rep",0,36.8,325416
1996,"CALIFORNIA","dem",54,51.1,5119835
1996,"CALIFORNIA","other",0,7,697847
1996,"CALIFORNIA","rep",0,38.2,3828380
1996,"COLORADO","dem",0,44.4,671152
1996,"COLORADO","other",0,6.6,99629
1996,"COLORADO","rep",8,45.8,691848
1996,"CONNECTICUT","dem",8,52.8,735740
1996,"CONNECTICUT","other",0,10,139523
1996,"CONNECTICUT","rep",0,34.7,483109
1996,"DELAWARE","dem",3,51.8,140355
1996,"DELAWARE","other",0,10.6,28719
1996,"DELAWARE","rep",0,36.6,99062
1996,"DISTRICT OF COLUMBIA","dem",3,85.2,158220
1996,"DISTRICT OF COLUMBIA","other",0,1.9,3611
1996,"DISTRICT OF COLUMBIA","rep",0,9.3,17339
1996,"FLORIDA","dem",25,48,2546870
1996,"FLORIDA","other",0,9.1,483870
1996,"FLORIDA","rep",0,42.3,2244536
1996,"GEORGIA","dem",0,45.8,1053849
1996,"GEORGIA","other",0,6.4,146337
1996,"GEORGIA","rep",13,47,1080843
1996,"HAWAII","dem",4,56.9,205012
1996,"HAWAII","other",0,7.6,27358
1996,"HAWAII","rep",0,31.6,113943
1996,"IDAHO","dem",0,33.6,165443
1996,"IDAHO","other",0,12.7,62518
1996,"IDAHO","rep",4,52.2,256595
1996,"ILLINOIS","dem",22,54.3,2341744
1996,"ILLINOIS","other",0,8,346408
1996,"ILLINOIS","rep",0,36.8,1587021
1996,"INDIANA","dem",0,41.5,887424
1996,"INDIANA","other",0,10.5,224299
1996,"INDIANA","rep",12,47.1,1006693
1996,"IOWA","dem",7,50.3,620258
1996,"IOWA","other",0,8.5,105159
1996,"IOWA","rep",0,39.9,492644
1996,"KANSAS","dem",0,36.1,387659
1996,"KANSAS","other",0,8.6,92639
1996,"KANSAS","rep",6,54.3,583245
1996,"KENTUCKY","dem",8,45.8,636614
1996,"KENTUCKY","other",0,8.7,120396
1996,"KENTUCKY","rep",0,44.9,623283
1996,"LOUISIANA","dem",9,52,927837
1996,"LOUISIANA","other",0,6.9,123293
1996,"LOUISIANA","rep",0,39.9,712586
1996,"MAINE","dem",4,51.6,312788
1996,"MAINE","other",0,14.2,85970
1996,"MAINE","rep",0,30.8,186378
1996,"MARYLAND","dem",10,54.2,966207
1996,"MARYLAND","other",0,6.5,115812
1996,"MARYLAND","rep",0,38.3,681530
1996,"MASSACHUSETTS","dem",28.1,718107,12
1996,"MASSACHUSETTS","other",NA,NA,0
1996,"MASSACHUSETTS","rep",8.9,227217,0
1996,"MICHIGAN","dem",18,51.7,1989653
1996,"MICHIGAN","other",0,8.7,336670
1996,"MICHIGAN","rep",0,38.5,1481212
1996,"MINNESOTA","dem",10,51.1,1120438
1996,"MINNESOTA","other",0,11.7,257704
1996,"MINNESOTA","rep",0,35,766476
1996,"MISSISSIPPI","dem",0,44.1,394022
1996,"MISSISSIPPI","other",0,5.8,52222
1996,"MISSISSIPPI","rep",7,49.2,439838
1996,"MISSOURI","dem",11,47.5,1025935
1996,"MISSOURI","other",0,10.1,217188
1996,"MISSOURI","rep",0,41.2,890016
1996,"MONTANA","dem",0,41.2,167922
1996,"MONTANA","other",0,13.6,55229
1996,"MONTANA","rep",3,44.1,179652
1996,"NEBRASKA","dem",0,34.9,236761
1996,"NEBRASKA","other",0,10.5,71278
1996,"NEBRASKA","rep",5,53.7,363467
1996,"NEVADA","dem",4,43.9,203974
1996,"NEVADA","other",0,9.5,43986
1996,"NEVADA","rep",0,42.9,199244
1996,"NEW HAMPSHIRE","dem",4,49.3,246214
1996,"NEW HAMPSHIRE","other",0,9.7,48390
1996,"NEW HAMPSHIRE","rep",0,39.4,196532
1996,"NEW JERSEY","dem",15,53.7,1652329
1996,"NEW JERSEY","other",0,8.5,262134
1996,"NEW JERSEY","rep",0,35.9,1103078
1996,"NEW MEXICO","dem",5,49.2,273495
1996,"NEW MEXICO","other",0,5.8,32257
1996,"NEW MEXICO","rep",0,41.9,232751
1996,"NEW YORK","dem",33,59.5,3756177
1996,"NEW YORK","other",0,8,503458
1996,"NEW YORK","rep",0,30.6,1933492
1996,"NORTH CAROLINA","dem",0,44,1107849
1996,"NORTH CAROLINA","other",0,6.7,168059
1996,"NORTH CAROLINA","rep",14,48.7,1225938
1996,"NORTH DAKOTA","dem",0,40.1,106905
1996,"NORTH DAKOTA","other",0,12.2,32515
1996,"NORTH DAKOTA","rep",3,46.9,125050
1996,"OHIO","dem",21,47.4,2148222
1996,"OHIO","other",0,10.7,483207
1996,"OHIO","rep",0,41,1859883
1996,"OKLAHOMA","dem",0,40.5,488105
1996,"OKLAHOMA","other",0,10.8,130788
1996,"OKLAHOMA","rep",8,48.3,582315
1996,"OREGON","dem",7,47.1,649641
1996,"OREGON","other",0,8.8,121221
1996,"OREGON","rep",0,39.1,538152
1996,"PENNSYLVANIA","dem",23,49.2,2215819
1996,"PENNSYLVANIA","other",0,9.6,430984
1996,"PENNSYLVANIA","rep",0,40,1801169
1996,"RHODE ISLAND","dem",4,59.7,233050
1996,"RHODE ISLAND","other",0,11.2,43723
1996,"RHODE ISLAND","rep",0,26.8,104683
1996,"SOUTH CAROLINA","dem",0,44,506283
1996,"SOUTH CAROLINA","other",0,5.6,64386
1996,"SOUTH CAROLINA","rep",8,49.8,573458
1996,"SOUTH DAKOTA","dem",0,43,139333
1996,"SOUTH DAKOTA","other",0,9.6,31250
1996,"SOUTH DAKOTA","rep",3,46.5,150543
1996,"TENNESSEE","dem",11,48,909146
1996,"TENNESSEE","other",0,5.6,105918
1996,"TENNESSEE","rep",0,45.6,863530
1996,"TEXAS","dem",0,43.8,2459683
1996,"TEXAS","other",0,6.7,378537
1996,"TEXAS","rep",32,48.8,2736167
1996,"UTAH","dem",0,33.3,221633
1996,"UTAH","other",0,10,66461
1996,"UTAH","rep",5,54.4,361911
1996,"VERMONT","dem",3,53.3,137894
1996,"VERMONT","other",0,12,31024
1996,"VERMONT","rep",0,31.1,80352
1996,"VIRGINIA","dem",0,45.1,1091060
1996,"VIRGINIA","other",0,6.6,159861
1996,"VIRGINIA","rep",13,47.1,1183350
1996,"WASHINGTON","dem",11,49.8,1123323
1996,"WASHINGTON","other",0,8.9,201003
1996,"WASHINGTON","rep",0,37.3,840712
1996,"WEST VIRGINIA","dem",5,51.5,327812
1996,"WEST VIRGINIA","other",0,11.3,71639
1996,"WEST VIRGINIA","rep",0,36.8,233946
1996,"WISCONSIN","dem",11,48.8,1071971
1996,"WISCONSIN","other",0,10.3,227339
1996,"WISCONSIN","rep",0,38.5,845029
1996,"WYOMING","dem",0,36.8,77934
1996,"WYOMING","other",0,12.3,25928
1996,"WYOMING","rep",3,49.8,105388
2000,"ALABAMA","dem",9,56.8,941173
2000,"ALABAMA","other",0,1.1,18323
2000,"ALABAMA","rep",0,41.8,692611
2000,"ALASKA","dem",3,58.8,167398
2000,"ALASKA","other",0,10.1,28747
2000,"ALASKA","rep",0,27.8,79004
2000,"ARIZONA","dem",8,51,781652
2000,"ARIZONA","other",0,3,45645
2000,"ARIZONA","rep",0,44.7,685341
2000,"ARKANSAS","dem",6,51.3,472940
2000,"ARKANSAS","other",0,1.4,13421
2000,"ARKANSAS","rep",0,45.9,422768
2000,"CALIFORNIA","dem",0,41.6,4567429
2000,"CALIFORNIA","other",0,3.8,418707
2000,"CALIFORNIA","rep",54,53.4,5861203
2000,"COLORADO","dem",8,50.7,883748
2000,"COLORADO","other",0,5.2,91434
2000,"COLORADO","rep",0,42.4,738227
2000,"CONNECTICUT","dem",0,38.9,561094
2000,"CONNECTICUT","other",0,4.3,64452
2000,"CONNECTICUT","rep",8,55.9,816015
2000,"DELAWARE","dem",0,41.9,137288
2000,"DELAWARE","other",0,2.5,8307
2000,"DELAWARE","rep",3,55,180068
2000,"DISTRICT OF COLUMBIA","dem",0,9,18073
2000,"DISTRICT OF COLUMBIA","other",0,5.2,10576
2000,"DISTRICT OF COLUMBIA","rep",3,85.4,171923
2000,"FLORIDA","dem",25,48.8,2912790
2000,"FLORIDA","other",0,1.6,97488
2000,"FLORIDA","rep",0,48.8,2912253
2000,"GEORGIA","dem",13,54.9,1419720
2000,"GEORGIA","other",NA,0,0
2000,"GEORGIA","rep",0,43.2,1116230
2000,"HAWAII","dem",205286,37.5,137845
2000,"HAWAII","other",NA,0,5.9
2000,"HAWAII","rep",21623,4,55.8
2000,"IDAHO","dem",4,67.2,336937
2000,"IDAHO","other",0,2.5,12292
2000,"IDAHO","rep",0,27.6,138637
2000,"ILLINOIS","dem",0,42.6,2019421
2000,"ILLINOIS","other",0,2.2,103759
2000,"ILLINOIS","rep",23,54.6,2589026
2000,"INDIANA","dem",12,57.1,1245836
2000,"INDIANA","other",NA,0,0
2000,"INDIANA","rep",0,41.4,901980
2000,"IOWA","dem",0,48.2,634373
2000,"IOWA","other",0,2.2,29374
2000,"IOWA","rep",7,48.6,638517
2000,"KANSAS","dem",6,58,622332
2000,"KANSAS","other",0,3.4,36086
2000,"KANSAS","rep",0,37.2,399276
2000,"KENTUCKY","dem",8,56.5,872520
2000,"KENTUCKY","other",0,1.5,23118
2000,"KENTUCKY","rep",0,41.4,638923
2000,"LOUISIANA","dem",9,52.5,927871
2000,"LOUISIANA","other",0,1.1,20473
2000,"LOUISIANA","rep",0,44.9,792344
2000,"MAINE","dem",0,44,286616
2000,"MAINE","other",0,5.7,37127
2000,"MAINE","rep",4,49.1,319951
2000,"MARYLAND","dem",0,40,770911
2000,"MARYLAND","other",0,2.6,51078
2000,"MARYLAND","rep",10,56.8,1093344
2000,"MASSACHUSETTS","dem",0,32.1,878502
2000,"MASSACHUSETTS","other",0,6.3,173564
2000,"MASSACHUSETTS","rep",12,59.1,1616487
2000,"MICHIGAN","dem",0,46.1,1953139
2000,"MICHIGAN","other",0,2,84165
2000,"MICHIGAN","rep",18,51.3,2170418
2000,"MINNESOTA","dem",0,45.5,1109659
2000,"MINNESOTA","other",0,5.2,126696
2000,"MINNESOTA","rep",10,47.9,1168266
2000,"MISSISSIPPI","dem",7,57.7,558884
2000,"MISSISSIPPI","other",0,0.8,7904
2000,"MISSISSIPPI","rep",0,40.6,392587
2000,"MISSOURI","dem",11,50.4,1189924
2000,"MISSOURI","other",0,1.6,38515
2000,"MISSOURI","rep",0,47.1,1111138
2000,"MONTANA","dem",3,58.6,240178
2000,"MONTANA","other",0,6,24437
2000,"MONTANA","rep",0,33.4,137126
2000,"NEBRASKA","dem",5,62.2,433862
2000,"NEBRASKA","other",0,3.5,24540
2000,"NEBRASKA","rep",0,33.2,231780
2000,"NEVADA","dem",4,49.5,301575
2000,"NEVADA","other",0,2.5,15008
2000,"NEVADA","rep",0,45.9,279978
2000,"NEW HAMPSHIRE","dem",4,48.2,273559
2000,"NEW HAMPSHIRE","other",0,3.9,22188
2000,"NEW HAMPSHIRE","rep",0,46.9,266348
2000,"NEW JERSEY","dem",0,40.3,1284173
2000,"NEW JERSEY","other",0,3,94554
2000,"NEW JERSEY","rep",15,56.1,1788850
2000,"NEW MEXICO","dem",0,47.8,286417
2000,"NEW MEXICO","other",0,3.5,21251
2000,"NEW MEXICO","rep",5,47.9,286783
2000,"NEW YORK","dem",0,33.1,2258577
2000,"NEW YORK","other",0,3.6,244030
2000,"NEW YORK","rep",33,57.8,3942215
2000,"NORTH CAROLINA","dem",14,55.9,1631163
2000,"NORTH CAROLINA","other",NA,0,0
2000,"NORTH CAROLINA","rep",0,43.1,1257692
2000,"NORTH DAKOTA","dem",3,60.7,174852
2000,"NORTH DAKOTA","other",0,2.5,7288
2000,"NORTH DAKOTA","rep",0,33.1,95284
2000,"OHIO","dem",21,50,2350363
2000,"OHIO","other",0,2.5,117799
2000,"OHIO","rep",0,46.4,2183628
2000,"OKLAHOMA","dem",8,60.3,744337
2000,"OKLAHOMA","other",NA,0,0
2000,"OKLAHOMA","rep",0,38.4,474276
2000,"OREGON","dem",0,46.5,713577
2000,"OREGON","other",0,5,77357
2000,"OREGON","rep",7,46.9,720342
2000,"PENNSYLVANIA","dem",0,46.4,2281127
2000,"PENNSYLVANIA","other",0,2.1,103392
2000,"PENNSYLVANIA","rep",23,50.6,2485967
2000,"RHODE ISLAND","dem",0,31.9,130555
2000,"RHODE ISLAND","other",0,6.1,25052
2000,"RHODE ISLAND","rep",4,61,249508
2000,"SOUTH CAROLINA","dem",8,56.8,786892
2000,"SOUTH CAROLINA","other",0,1.5,20279
2000,"SOUTH CAROLINA","rep",0,40.8,566039
2000,"SOUTH DAKOTA","dem",3,60.3,190700
2000,"SOUTH DAKOTA","other",NA,0,0
2000,"SOUTH DAKOTA","rep",0,37.6,118804
2000,"TENNESSEE","dem",11,51.1,1061949
2000,"TENNESSEE","other",0,0.9,19781
2000,"TENNESSEE","rep",0,47.3,981720
2000,"TEXAS","dem",32,59.3,3799639
2000,"TEXAS","other",0,2.1,137394
2000,"TEXAS","rep",0,38,2433746
2000,"UTAH","dem",5,66.8,515096
2000,"UTAH","other",0,4.6,35850
2000,"UTAH","rep",0,26.3,203053
2000,"VERMONT","dem",0,40.7,119775
2000,"VERMONT","other",0,6.9,20374
2000,"VERMONT","rep",3,50.6,149022
2000,"VIRGINIA","dem",13,52.5,1437490
2000,"VIRGINIA","other",0,2.2,59398
2000,"VIRGINIA","rep",0,44.4,1217290
2000,"WASHINGTON","dem",0,44.6,1108864
2000,"WASHINGTON","other",0,4.1,103002
2000,"WASHINGTON","rep",11,50.1,1247652
2000,"WEST VIRGINIA","dem",5,51.9,336475
2000,"WEST VIRGINIA","other",0,1.6,10455
2000,"WEST VIRGINIA","rep",0,45.6,295497
2000,"WISCONSIN","dem",0,47.6,1237279
2000,"WISCONSIN","other",0,3.6,94070
2000,"WISCONSIN","rep",11,47.9,1242987
2000,"WYOMING","dem",3,69.2,147674
2000,"WYOMING","other",NA,0,0
2000,"WYOMING","rep",0,28.3,60421
2004,"ALABAMA","dem",9,62.5,1171067
2004,"ALABAMA","other",0,0.6,12181
2004,"ALABAMA","rep",0,36.8,690123
2004,"ALASKA","dem",3,62.3,142087
2004,"ALASKA","other",0,3,6917
2004,"ALASKA","rep",0,34.7,79078
2004,"ARIZONA","dem",10,55.1,879202
2004,"ARIZONA","other",0,0.6,9609
2004,"ARIZONA","rep",0,44.3,705986
2004,"ARKANSAS","dem",6,54.1,541250
2004,"ARKANSAS","other",0,1.1,11495
2004,"ARKANSAS","rep",0,44.7,447720
2004,"CALIFORNIA","dem",0,44.4,3931752
2004,"CALIFORNIA","other",0,1.2,102284
2004,"CALIFORNIA","rep",55,54.4,4816802
2004,"COLORADO","dem",9,53.1,988285
2004,"COLORADO","other",0,1.2,22787
2004,"COLORADO","rep",0,45.7,850415
2004,"CONNECTICUT","dem",0,44.2,656088
2004,"CONNECTICUT","other",0,1.7,25704
2004,"CONNECTICUT","rep",7,54.1,802465
2004,"DELAWARE","dem",0,45.8,164807
2004,"DELAWARE","other",0,0.9,3239
2004,"DELAWARE","rep",3,53.3,191870
2004,"DISTRICT OF COLUMBIA","dem",0,9.2,19007
2004,"DISTRICT OF COLUMBIA","other",0,1.2,2517
2004,"DISTRICT OF COLUMBIA","rep",3,89.5,183876
2004,"FLORIDA","dem",27,52.1,3836216
2004,"FLORIDA","other",0,0.8,60418
2004,"FLORIDA","rep",0,47,3459293
2004,"GEORGIA","dem",15,58.5,1785728
2004,"GEORGIA","other",0,0.6,17139
2004,"GEORGIA","rep",0,40.6,1239048
2004,"HAWAII","dem",0,45.5,182609
2004,"HAWAII","other",0,0.7,2825
2004,"HAWAII","rep",4,53.7,215569
2004,"IDAHO","dem",4,68.5,404861
2004,"IDAHO","other",0,1.2,6854
2004,"IDAHO","rep",0,30.3,179433
2004,"ILLINOIS","dem",21,44.4,2225320
2004,"ILLINOIS","other",0,0.6,30686
2004,"ILLINOIS","rep",0,55,2753525
2004,"INDIANA","dem",11,60.1,1457131
2004,"INDIANA","other",0,0.7,18431
2004,"INDIANA","rep",0,39.2,950541
2004,"IOWA","dem",7,50.1,741325
2004,"IOWA","other",0,0.8,11495
2004,"IOWA","rep",0,49.1,725700
2004,"KANSAS","dem",6,62.2,711083
2004,"KANSAS","other",0,1.4,15538
2004,"KANSAS","rep",0,36.4,416905
2004,"KENTUCKY","dem",8,59.6,1061608
2004,"KENTUCKY","other",0,0.8,13613
2004,"KENTUCKY","rep",0,39.6,706503
2004,"LOUISIANA","dem",9,56.8,1101710
2004,"LOUISIANA","other",0,1.1,20712
2004,"LOUISIANA","rep",0,42.2,818211
2004,"MAINE","dem",0,44.8,248409
2004,"MAINE","other",0,2,11008
2004,"MAINE","rep",4,53.2,294719
2004,"MARYLAND","dem",0,43.2,936505
2004,"MARYLAND","other",0,1,22395
2004,"MARYLAND","rep",10,55.8,1209827
2004,"MASSACHUSETTS","dem",0,37,1055146
2004,"MASSACHUSETTS","other",0,0.9,26537
2004,"MASSACHUSETTS","rep",12,62.1,1771381
2004,"MICHIGAN","dem",0,48.3,2180201
2004,"MICHIGAN","other",0,0.9,43242
2004,"MICHIGAN","rep",17,50.8,2293299
2004,"MINNESOTA","dem",0,47.6,1306614
2004,"MINNESOTA","other",0,1.2,33483
2004,"MINNESOTA","rep",10,51.2,1403713
2004,"MISSISSIPPI","dem",6,59.3,649859
2004,"MISSISSIPPI","other",0,0.8,8395
2004,"MISSISSIPPI","rep",0,39.7,435570
2004,"MISSOURI","dem",11,53.4,1452715
2004,"MISSOURI","other",0,0.5,15136
2004,"MISSOURI","rep",0,46.1,1253879
2004,"MONTANA","dem",3,58.7,222462
2004,"MONTANA","other",0,2.3,8853
2004,"MONTANA","rep",0,38.9,147462
2004,"NEBRASKA","dem",5,66.7,444880
2004,"NEBRASKA","other",0,1.3,8463
2004,"NEBRASKA","rep",0,32,213426
2004,"NEVADA","dem",5,50.5,388963
2004,"NEVADA","other",0,1.6,12739
2004,"NEVADA","rep",0,47.8,368458
2004,"NEW HAMPSHIRE","dem",0,48.9,313186
2004,"NEW HAMPSHIRE","other",0,0.6,4214
2004,"NEW HAMPSHIRE","rep",4,50.5,323574
2004,"NEW JERSEY","dem",0,46.5,1587494
2004,"NEW JERSEY","other",0,0.9,29672
2004,"NEW JERSEY","rep",15,52.7,1799320
2004,"NEW MEXICO","dem",5,50.3,335311
2004,"NEW MEXICO","other",0,1.1,7488
2004,"NEW MEXICO","rep",0,48.6,323691
2004,"NEW YORK","dem",0,40.5,2763506
2004,"NEW YORK","other",0,1.8,120942
2004,"NEW YORK","rep",31,57.8,3945432
2004,"NORTH CAROLINA","dem",15,56.3,1896011
2004,"NORTH CAROLINA","other",0,0.4,13046
2004,"NORTH CAROLINA","rep",0,43.3,1458588
2004,"NORTH DAKOTA","dem",3,62.8,193293
2004,"NORTH DAKOTA","other",0,1.6,5049
2004,"NORTH DAKOTA","rep",0,35.5,109348
2004,"OHIO","dem",20,51,2794346
2004,"OHIO","other",0,0.5,25731
2004,"OHIO","rep",0,48.5,2658125
2004,"OKLAHOMA","dem",7,65.6,959670
2004,"OKLAHOMA","other",0,0,0
2004,"OKLAHOMA","rep",0,34.4,504066
2004,"OREGON","dem",0,47.2,724149
2004,"OREGON","other",0,0.9,14351
2004,"OREGON","rep",7,51.9,796037
2004,"PENNSYLVANIA","dem",0,48.6,2746856
2004,"PENNSYLVANIA","other",0,0.6,33520
2004,"PENNSYLVANIA","rep",21,50.8,2868674
2004,"RHODE ISLAND","dem",0,38.9,161345
2004,"RHODE ISLAND","other",0,1.6,6478
2004,"RHODE ISLAND","rep",4,59.5,247071
2004,"SOUTH CAROLINA","dem",8,58.1,916053
2004,"SOUTH CAROLINA","other",0,1.1,17693
2004,"SOUTH CAROLINA","rep",0,40.7,641814
2004,"SOUTH DAKOTA","dem",3,60.1,232293
2004,"SOUTH DAKOTA","other",0,1.6,6319
2004,"SOUTH DAKOTA","rep",0,38.2,147532
2004,"TENNESSEE","dem",11,56.8,1376392
2004,"TENNESSEE","other",0,0.7,16130
2004,"TENNESSEE","rep",0,42.5,1029935
2004,"TEXAS","dem",34,61.2,4458711
2004,"TEXAS","other",0,0.5,38294
2004,"TEXAS","rep",0,38.2,2786016
2004,"UTAH","dem",5,70.9,600564
2004,"UTAH","other",0,2.5,21526
2004,"UTAH","rep",0,26.5,224848
2004,"VERMONT","dem",0,38.9,117617
2004,"VERMONT","other",0,2,6048
2004,"VERMONT","rep",3,59.1,178566
2004,"VIRGINIA","dem",13,53.7,1659263
2004,"VIRGINIA","other",0,0.7,20536
2004,"VIRGINIA","rep",0,45.6,1406909
2004,"WASHINGTON","dem",0,46.2,877796
2004,"WASHINGTON","other",0,1.4,26507
2004,"WASHINGTON","rep",11,52.4,997204
2004,"WEST VIRGINIA","dem",5,56.1,417028
2004,"WEST VIRGINIA","other",0,0.7,5286
2004,"WEST VIRGINIA","rep",0,43.2,321088
2004,"WISCONSIN","dem",0,49.3,1466963
2004,"WISCONSIN","other",0,0.9,26135
2004,"WISCONSIN","rep",10,49.8,1480256
2004,"WYOMING","dem",3,69,167130
2004,"WYOMING","other",0,1.9,4560
2004,"WYOMING","rep",0,29.1,70620
2008,"ALABAMA","dem",0,38.7,813479
2008,"ALABAMA","other",0,0.9,19794
2008,"ALABAMA","rep",9,60.3,1266546
2008,"ALASKA","dem",0,37.9,123594
2008,"ALASKA","other",0,0.3,8762
2008,"ALASKA","rep",3,59.4,193841
2008,"ARIZONA","dem",0,45.1,1034707
2008,"ARIZONA","other",0,1.2,28657
2008,"ARIZONA","rep",10,53.6,1230111
2008,"ARKANSAS","dem",0,38.9,422310
2008,"ARKANSAS","other",0,2.4,26290
2008,"ARKANSAS","rep",6,58.7,638017
2008,"CALIFORNIA","dem",55,61,8274473
2008,"CALIFORNIA","other",0,2,275646
2008,"CALIFORNIA","rep",0,37,5011781
2008,"COLORADO","dem",9,53.7,1288576
2008,"COLORADO","other",0,1.6,39196
2008,"COLORADO","rep",0,44.7,1073589
2008,"CONNECTICUT","dem",7,60.6,997772
2008,"CONNECTICUT","other",0,1.2,19592
2008,"CONNECTICUT","rep",0,38.2,629428
2008,"DELAWARE","dem",3,61.9,255459
2008,"DELAWARE","other",0,1.1,4579
2008,"DELAWARE","rep",0,36.9,152374
2008,"DISTRICT OF COLUMBIA","dem",3,92.5,245800
2008,"DISTRICT OF COLUMBIA","other",0,1,2686
2008,"DISTRICT OF COLUMBIA","rep",0,6.5,17367
2008,"FLORIDA","dem",27,51,4282074
2008,"FLORIDA","other",0,0.8,63036
2008,"FLORIDA","rep",0,48.2,4045624
2008,"GEORGIA","dem",0,47,1844137
2008,"GEORGIA","other",0,0.8,31551
2008,"GEORGIA","rep",15,52.2,2048744
2008,"HAWAII","dem",4,71.8,325871
2008,"HAWAII","other",0,1.6,7131
2008,"HAWAII","rep",0,26.6,120566
2008,"IDAHO","dem",0,36.1,236440
2008,"IDAHO","other",0,2.4,15580
2008,"IDAHO","rep",4,61.5,403012
2008,"ILLINOIS","dem",21,61.9,3419673
2008,"ILLINOIS","other",0,1.3,71851
2008,"ILLINOIS","rep",0,36.8,2031527
2008,"INDIANA","dem",11,49.9,1374039
2008,"INDIANA","other",0,1.1,31367
2008,"INDIANA","rep",0,48.9,1345648
2008,"IOWA","dem",7,53.9,828940
2008,"IOWA","other",0,1.7,25804
2008,"IOWA","rep",0,44.4,682379
2008,"KANSAS","dem",0,41.7,514765
2008,"KANSAS","other",0,1.7,21452
2008,"KANSAS","rep",6,56.6,699655
2008,"KENTUCKY","dem",0,41.2,751985
2008,"KENTUCKY","other",0,1.4,26061
2008,"KENTUCKY","rep",8,57.4,1048462
2008,"LOUISIANA","dem",0,39.9,782989
2008,"LOUISIANA","other",0,1.5,29497
2008,"LOUISIANA","rep",9,58.6,1148275
2008,"MAINE","dem",4,57.7,421923
2008,"MAINE","other",0,1.9,13967
2008,"MAINE","rep",0,40.4,295273
2008,"MARYLAND","dem",10,61.9,1629467
2008,"MARYLAND","other",0,1.6,42267
2008,"MARYLAND","rep",0,36.5,959862
2008,"MASSACHUSETTS","dem",12,61.8,1904097
2008,"MASSACHUSETTS","other",0,2.2,68034
2008,"MASSACHUSETTS","rep",0,36,1108854
2008,"MICHIGAN","dem",17,57.4,2872579
2008,"MICHIGAN","other",0,1.7,80548
2008,"MICHIGAN","rep",0,41,2048639
2008,"MINNESOTA","dem",10,54.1,1573354
2008,"MINNESOTA","other",0,2.1,61606
2008,"MINNESOTA","rep",0,43.8,1275409
2008,"MISSISSIPPI","dem",0,43,554662
2008,"MISSISSIPPI","other",0,0.8,10606
2008,"MISSISSIPPI","rep",6,56.2,724597
2008,"MISSOURI","dem",0,49.3,1441911
2008,"MISSOURI","other",0,1.3,37480
2008,"MISSOURI","rep",11,49.4,1445814
2008,"MONTANA","dem",0,47.9,231667
2008,"MONTANA","other",0,3.2,15679
2008,"MONTANA","rep",3,49.5,242763
2008,"NEBRASKA","dem",1,41.6,333319
2008,"NEBRASKA","other",0,1.9,14983
2008,"NEBRASKA","rep",4,56.5,452979
2008,"NEVADA","dem",5,55.1,533736
2008,"NEVADA","other",0,2.2,21285
2008,"NEVADA","rep",0,42.7,412827
2008,"NEW HAMPSHIRE","dem",4,54.1,384826
2008,"NEW HAMPSHIRE","other",0,1.4,9610
2008,"NEW HAMPSHIRE","rep",0,44.5,316534
2008,"NEW JERSEY","dem",15,57.3,2215422
2008,"NEW JERSEY","other",0,1,39608
2008,"NEW JERSEY","rep",0,41.7,1613207
2008,"NEW MEXICO","dem",5,56.9,472422
2008,"NEW MEXICO","other",0,1.3,10904
2008,"NEW MEXICO","rep",0,41.8,346832
2008,"NEW YORK","dem",31,62.8,4769700
2008,"NEW YORK","other",0,1.1,82815
2008,"NEW YORK","rep",0,36.1,2742298
2008,"NORTH CAROLINA","dem",15,49.7,2142651
2008,"NORTH CAROLINA","other",0,0.9,39664
2008,"NORTH CAROLINA","rep",0,49.4,2128474
2008,"NORTH DAKOTA","dem",0,44.6,141278
2008,"NORTH DAKOTA","other",0,2.1,6742
2008,"NORTH DAKOTA","rep",3,53.3,168601
2008,"OHIO","dem",20,51.5,2933388
2008,"OHIO","other",0,1.6,90381
2008,"OHIO","rep",0,46.9,2674491
2008,"OKLAHOMA","dem",0,34.4,502496
2008,"OKLAHOMA","other",1462661,0,0
2008,"OKLAHOMA","rep",6,65.6,960165
2008,"OREGON","dem",7,56.7,1037291
2008,"OREGON","other",0,2.9,52098
2008,"OREGON","rep",0,40.4,738475
2008,"PENNSYLVANIA","dem",21,54.7,3276363
2008,"PENNSYLVANIA","other",0,1,62889
2008,"PENNSYLVANIA","rep",0,44.3,2655885
2008,"RHODE ISLAND","dem",4,63.1,296571
2008,"RHODE ISLAND","other",0,1.7,7805
2008,"RHODE ISLAND","rep",0,35.2,165391
2008,"SOUTH CAROLINA","dem",0,44.9,862449
2008,"SOUTH CAROLINA","other",0,1.2,23624
2008,"SOUTH CAROLINA","rep",8,53.9,1034896
2008,"SOUTH DAKOTA","dem",0,44.7,170924
2008,"SOUTH DAKOTA","other",0,2.1,7997
2008,"SOUTH DAKOTA","rep",3,53.2,203054
2008,"TENNESSEE","dem",0,41.8,1087437
2008,"TENNESSEE","other",0,1.3,33134
2008,"TENNESSEE","rep",11,56.9,1479178
2008,"TEXAS","dem",0,43.7,3528633
2008,"TEXAS","other",0,0.9,69834
2008,"TEXAS","rep",34,55.5,4479328
2008,"UTAH","dem",0,34.4,327670
2008,"UTAH","other",0,3,28670
2008,"UTAH","rep",5,62.6,596030
2008,"VERMONT","dem",3,67.5,219262
2008,"VERMONT","other",0,2.1,6810
2008,"VERMONT","rep",0,30.4,98974
2008,"VIRGINIA","dem",13,52.6,1959532
2008,"VIRGINIA","other",0,1,38723
2008,"VIRGINIA","rep",0,46.3,1725005
2008,"WASHINGTON","dem",11,57.7,1750848
2008,"WASHINGTON","other",0,1.9,56814
2008,"WASHINGTON","rep",0,40.5,1229216
2008,"WEST VIRGINIA","dem",0,42.6,303857
2008,"WEST VIRGINIA","other",0,1.7,12138
2008,"WEST VIRGINIA","rep",5,55.7,397466
2008,"WISCONSIN","dem",10,56.2,1677211
2008,"WISCONSIN","other",0,1.5,43813
2008,"WISCONSIN","rep",0,42.3,1262393
2008,"WYOMING","dem",0,32.5,82868
2008,"WYOMING","other",0,2.7,6832
2008,"WYOMING","rep",3,64.8,164958
2012,"ALABAMA","dem",0,38.4,795696
2012,"ALABAMA","other",0,1.1,22717
2012,"ALABAMA","rep",9,60.6,1255925
2012,"ALASKA","dem",0,40.8,122640
2012,"ALASKA","other",0,4.4,13179
2012,"ALASKA","rep",3,54.8,164676
2012,"ARIZONA","dem",0,44.5,1025232
2012,"ARIZONA","other",0,2.1,47673
2012,"ARIZONA","rep",11,53.5,1233654
2012,"ARKANSAS","dem",0,36.9,394409
2012,"ARKANSAS","other",0,2.6,27315
2012,"ARKANSAS","rep",6,60.6,647744
2012,"CALIFORNIA","dem",55,60.2,7854285
2012,"CALIFORNIA","other",0,2.6,344304
2012,"CALIFORNIA","rep",0,37.1,4839958
2012,"COLORADO","dem",9,51.5,1322998
2012,"COLORADO","other",0,2.4,61169
2012,"COLORADO","rep",0,46.1,1185050
2012,"CONNECTICUT","dem",7,58.1,905083
2012,"CONNECTICUT","other",0,0.7,18985
2012,"CONNECTICUT","rep",0,40.7,634892
2012,"DELAWARE","dem",3,58.6,242584
2012,"DELAWARE","other",0,1.4,5822
2012,"DELAWARE","rep",0,40,165484
2012,"DISTRICT OF COLUMBIA","dem",3,90.9,267070
2012,"DISTRICT OF COLUMBIA","other",0,1.8,5313
2012,"DISTRICT OF COLUMBIA","rep",0,7.3,21381
2012,"FLORIDA","dem",29,49.9,4237756
2012,"FLORIDA","other",0,1,88959
2012,"FLORIDA","rep",0,49,4163447
2012,"GEORGIA","dem",0,45.5,1773827
2012,"GEORGIA","other",0,1.2,47535
2012,"GEORGIA","rep",16,53.3,2078688
2012,"HAWAII","dem",4,70.6,306658
2012,"HAWAII","other",0,1.6,7024
2012,"HAWAII","rep",0,27.8,121015
2012,"IDAHO","dem",0,32.4,212787
2012,"IDAHO","other",0,3.5,23044
2012,"IDAHO","rep",4,64.1,420911
2012,"ILLINOIS","dem",20,57.6,3019512
2012,"ILLINOIS","other",0,1.7,87286
2012,"ILLINOIS","rep",0,40.7,2135216
2012,"INDIANA","dem",0,43.9,1152887
2012,"INDIANA","other",0,1.9,51104
2012,"INDIANA","rep",11,54.1,1420543
2012,"IOWA","dem",6,52,822544
2012,"IOWA","other",0,1.8,29019
2012,"IOWA","rep",0,46.2,730617
2012,"KANSAS","dem",0,38,440726
2012,"KANSAS","other",0,2.3,26611
2012,"KANSAS","rep",6,59.7,692634
2012,"KENTUCKY","dem",0,37.8,679370
2012,"KENTUCKY","other",0,1.7,30652
2012,"KENTUCKY","rep",8,60.5,1087190
2012,"LOUISIANA","dem",0,40.6,809141
2012,"LOUISIANA","other",0,1.6,32662
2012,"LOUISIANA","rep",8,57.8,1152262
2012,"MAINE","dem",4,56.3,401306
2012,"MAINE","other",0,2.7,19598
2012,"MAINE","rep",0,41,292276
2012,"MARYLAND","dem",10,62,1677844
2012,"MARYLAND","other",0,2.1,57614
2012,"MARYLAND","rep",0,35.9,971869
2012,"MASSACHUSETTS","dem",11,60.7,1921290
2012,"MASSACHUSETTS","other",0,1.8,58163
2012,"MASSACHUSETTS","rep",0,37.5,1188314
2012,"MICHIGAN","dem",16,54.1,2564569
2012,"MICHIGAN","other",0,1.2,58150
2012,"MICHIGAN","rep",0,44.6,2115256
2012,"MINNESOTA","dem",10,52.7,1546167
2012,"MINNESOTA","other",0,2.4,70169
2012,"MINNESOTA","rep",0,45,1320225
2012,"MISSISSIPPI","dem",0,43.8,562949
2012,"MISSISSIPPI","other",0,0.9,11889
2012,"MISSISSIPPI","rep",6,55.3,710746
2012,"MISSOURI","dem",0,44.4,1223796
2012,"MISSOURI","other",0,1.9,51087
2012,"MISSOURI","rep",10,53.8,1482440
2012,"MONTANA","dem",0,41.7,201839
2012,"MONTANA","other",0,2.9,14271
2012,"MONTANA","rep",3,55.4,267928
2012,"NEBRASKA","dem",0,38,302081
2012,"NEBRASKA","other",0,2.2,17234
2012,"NEBRASKA","rep",5,59.8,475064
2012,"NEVADA","dem",6,52.4,531373
2012,"NEVADA","other",0,2,19978
2012,"NEVADA","rep",0,45.7,463567
2012,"NEW HAMPSHIRE","dem",4,52,369561
2012,"NEW HAMPSHIRE","other",0,1.6,11493
2012,"NEW HAMPSHIRE","rep",0,46.4,329918
2012,"NEW JERSEY","dem",14,58.2,2122786
2012,"NEW JERSEY","other",0,1.2,45013
2012,"NEW JERSEY","rep",0,40.5,1478088
2012,"NEW MEXICO","dem",5,53,415335
2012,"NEW MEXICO","other",0,4.2,32635
2012,"NEW MEXICO","rep",0,42.8,335788
2012,"NEW YORK","dem",29,62.4,4172739
2012,"NEW YORK","other",0,1.5,100287
2012,"NEW YORK","rep",0,36.1,2415156
2012,"NORTH CAROLINA","dem",0,48.4,2178391
2012,"NORTH CAROLINA","other",0,1.3,56586
2012,"NORTH CAROLINA","rep",15,50.4,2270395
2012,"NORTH DAKOTA","dem",0,38.7,124966
2012,"NORTH DAKOTA","other",0,3,9646
2012,"NORTH DAKOTA","rep",3,58.3,188320
2012,"OHIO","dem",18,50.7,2827621
2012,"OHIO","other",0,1.6,91714
2012,"OHIO","rep",0,47.7,2661407
2012,"OKLAHOMA","dem",0,33.2,443547
2012,"OKLAHOMA","other",1334872,0,0
2012,"OKLAHOMA","rep",7,66.8,891325
2012,"OREGON","dem",7,54.2,970488
2012,"OREGON","other",0,3.6,64607
2012,"OREGON","rep",0,42.2,754175
2012,"PENNSYLVANIA","dem",20,52,2990274
2012,"PENNSYLVANIA","other",0,1.4,82798
2012,"PENNSYLVANIA","rep",0,46.6,2680434
2012,"RHODE ISLAND","dem",4,62.7,279677
2012,"RHODE ISLAND","other",0,2.1,9168
2012,"RHODE ISLAND","rep",0,35.2,157204
2012,"SOUTH CAROLINA","dem",0,44.1,865941
2012,"SOUTH CAROLINA","other",0,1.4,26532
2012,"SOUTH CAROLINA","rep",9,54.6,1071645
2012,"SOUTH DAKOTA","dem",0,39.9,145039
2012,"SOUTH DAKOTA","other",0,2.2,8166
2012,"SOUTH DAKOTA","rep",3,57.9,210610
2012,"TENNESSEE","dem",0,39.1,960709
2012,"TENNESSEE","other",0,1.4,35538
2012,"TENNESSEE","rep",11,59.5,1462330
2012,"TEXAS","dem",0,41.4,3308124
2012,"TEXAS","other",0,1.4,115884
2012,"TEXAS","rep",38,57.2,4569843
2012,"UTAH","dem",0,24.7,251813
2012,"UTAH","other",0,2.7,27402
2012,"UTAH","rep",6,72.6,740600
2012,"VERMONT","dem",3,66.6,199239
2012,"VERMONT","other",0,2.5,7353
2012,"VERMONT","rep",0,31,92698
2012,"VIRGINIA","dem",13,51.2,1971820
2012,"VIRGINIA","other",0,1.6,60147
2012,"VIRGINIA","rep",0,47.3,1822522
2012,"WASHINGTON","dem",12,56.2,1755396
2012,"WASHINGTON","other",0,2.5,79450
2012,"WASHINGTON","rep",0,41.3,1290670
2012,"WEST VIRGINIA","dem",0,35.5,238269
2012,"WEST VIRGINIA","other",0,2.2,14514
2012,"WEST VIRGINIA","rep",5,62.3,417655
2012,"WISCONSIN","dem",10,52.8,1620985
2012,"WISCONSIN","other",0,1.3,39483
2012,"WISCONSIN","rep",0,45.9,1410966
2012,"WYOMING","dem",0,27.8,69286
2012,"WYOMING","other",0,3.5,8813
2012,"WYOMING","rep",3,68.6,170962
